ImageId,EncodedPixels
000194a2d.jpg,360486 1 361252 4 362019 5 362785 8 363552 10 364321 10 365090 9 365858 10 366627 10 367396 9 368165 9 368933 10 369702 10 370471 9 371240 9 372009 9 372777 10 373546 9 374315 9 375084 7 375852 6 376621 3 377390 1
000194a2d.jpg,51834 9 52602 9 53370 9 54138 9 54906 9 55674 7 56442 7 57210 7 57978 7 58746 7 59514 7 60282 7 61050 9 61818 9 62586 9 63354 9 64122 9 64890 9
000194a2d.jpg,198320 10 199088 10 199856 10 200624 10 201392 10 202160 10 202928 10 203696 10 204464 10 205232 10 206000 10 206768 10 207536 10 208304 10 209072 10 209840 10 210608 10 211376 10 212144 10 212912 10 213680 10 214448 10 215216 10 215984 10 216751 10 217519 10 218287 10 219055 10 219823 10 220591 10 221359 10 222127 10 222895 10 223663 10 224431 10 225199 10 225967 10 226735 10 227503 10 228271 10 229039 10 229807 10 230575 10 231343 10 232111 10 232879 10 233647 10 234415 10
000194a2d.jpg,55683 1 56451 1 57219 1 57987 1 58755 1 59523 1 60291 1
000194a2d.jpg,254389 9 255157 17 255925 17 256693 17 257461 17 258229 17 258997 17 259765 17 260533 17 261301 17 262068 18 262836 17 263604 17 264372 17 265140 17 265908 17 266676 17 267444 17 268212 17 268980 17 269748 17 270516 17 271284 17 272052 17 272820 17 273588 17 274356 17 275124 17 275891 18 276659 17 277427 17 278195 17 278963 17 279731 17 280499 17 281267 17 282035 17 282803 17 283580 8
00021ddc3.jpg,108287 1 109054 3 109821 4 110588 5 111356 5 112123 6 112890 7 113657 8 114424 9 115191 10 115958 11 116725 12 117493 12 118260 13 119027 14 119794 14 120561 14 121328 15 122095 15 122863 14 123630 14 124397 14 125164 14 125931 15 126698 15 127465 15 128232 15 129000 14 129767 14 130534 15 131301 15 132070 13 132839 11 133608 9 134378 6 135147 5 135916 3 136685 1
00021ddc3.jpg,101361 1 102128 3 102896 4 103663 6 104430 9 105198 10 105209 1 105965 14 106732 14 107500 14 108267 14 109034 14 109802 14 110569 14 111336 14 112104 14 112871 14 113638 14 114406 14 115173 14 115940 14 116708 14 117475 14 118242 14 119010 14 119777 14 120544 14 121312 14 122079 14 122846 14 123614 14 124381 14 125150 12 125920 10 126689 8 127459 5 128228 4 128998 1
00021ddc3.jpg,74441 3 75207 5 75975 5 76743 5 77511 5 78280 4 79048 5 79816 5 80584 5 81352 5 82120 5 82888 6 83657 5 84425 5 85193 5 85961 2
00021ddc3.jpg,74444 4 75212 4 75980 4 76748 4 77517 3 78285 3 79053 4 79821 4 80589 4 81357 4 82125 4
00021ddc3.jpg,150423 2 151190 3 151958 3 152726 4 153495 3 154263 3
00021ddc3.jpg,139644 2 140408 6 141174 9 141942 9 142711 6 143479 2
00021ddc3.jpg,75972 3 76738 5 77506 5 78274 5 79042 6 79811 5 80579 5 81347 5 82115 5 82883 5 83651 6 84420 5 85188 5 85956 2
00021ddc3.jpg,86727 2 87493 4 88261 4 89030 3 89798 4 90566 4 91334 4 92103 3 92871 1
00021ddc3.jpg,95225 2 95992 5 96760 7 97527 9 98294 9 99062 9 99829 9 100596 9 101364 9 102132 8 102901 6 103671 3 104440 2
0002756f7.jpg,255784 2 256552 4 257319 7 258087 9 258854 12 259622 14 260389 16 261159 16 261929 16 262699 16 263469 16 264239 16 265009 14 265779 11 266549 9 267319 6 268089 4 268859 1
0002756f7.jpg,248878 1 249645 4 250413 6 251180 9 251948 10 252715 13 253482 16 254250 18 255019 18 255789 18 256559 18 257329 18 258099 17 258869 15 259639 12 260409 10 261179 7 261949 5 262719 2 263488 1 264255 1
00031f145.jpg,340363 1 341129 4 341896 6 342663 7 343429 10 344196 12 344962 15 345729 16 346496 18 347262 21 348029 23 348798 23 349567 22 350335 23 351104 23 351873 23 352642 22 353410 23 354179 23 354948 21 355717 18 356486 16 357254 15 358023 12 358792 10 359561 7 360329 6 361098 4 361867 1
000532683.jpg,458957 14 459725 14 460493 14 461261 14 462029 14 462797 14 463565 14
000532683.jpg,567543 2 568309 4 569077 5 569846 4 570614 5 571382 5 572150 6 572919 5 573687 2
00053c6ba.jpg,565382 3 566144 9 566909 12 567677 13 568445 13 569214 12 569982 12 570750 13 571518 13 572287 12 573055 12 573823 13 574591 13 575360 12 576128 9 576896 3
0005d01c8.jpg,56010 1 56777 3 57544 6 58312 7 59079 9 59846 11 60613 14 61380 16 62148 17 62915 19 63682 22 64449 24 65216 26 65984 27 66751 30 67518 32 68285 34 69052 36 69820 38 70587 40 71354 42 72121 42 72888 42 73656 42 74423 42 75190 42 75957 42 76724 42 77492 42 78259 42 79026 42 79793 42 80560 42 81328 42 82095 42 82862 42 83629 42 84396 42 85164 42 85931 42 86698 42 87465 42 88232 42 89000 42 89767 42 90534 42 91301 42 92068 42 92836 42 93603 42 94370 42 95137 42 95904 42 96672 42 97439 42 98206 42 98973 42 99740 42 100508 42 101275 42 102042 42 102809 42 103576 42 104344 42 105111 42 105878 42 106645 42 107412 42 108180 42 108947 42 109714 42 110481 42 111249 41 112016 42 112783 42 113550 42 114317 42 115085 41 115852 42 116619 42 117386 42 118153 42 118921 41 119688 42 120455 42 121222 42 121989 42 122757 41 123524 42 124291 42 125058 42 125825 42 126593 42 127360 42 128127 42 128894 42 129661 42 130429 42 131196 42 131963 42 132730 42 133497 42 134265 42 135032 42 135799 42 136566 42 137333 42 138101 42 138868 42 139635 42 140402 42 141169 42 141937 42 142704 42 143471 42 144238 42 145005 42 145773 42 146540 42 147307 42 148074 42 148841 42 149609 42 150376 42 151143 42 151910 42 152677 42 153445 42 154212 42 154979 42 155746 42 156513 42 157281 42 158048 42 158815 42 159582 42 160349 42 161117 42 161884 42 162651 42 163418 42 164185 42 164953 42 165720 42 166487 42 167256 40 168025 38 168795 36 169564 34 170333 32 171102 30 171872 27 172641 26 173410 24 174179 22 174949 19 175718 17 176487 16 177256 14 178026 11 178795 9 179564 7 180333 6 181103 3 181872 1
0005d01c8.jpg,365871 1 366638 3 367405 6 368173 7 368940 9 369707 12 370474 14 371242 15 372009 17 372776 20 373543 22 374310 24 375078 26 375845 28 376612 30 377379 30 378147 29 378914 30 379681 30 380448 30 381215 30 381983 30 382750 30 383517 30 384284 30 385051 31 385819 30 386586 30 387353 30 388120 31 388888 30 389655 30 390422 30 391189 31 391956 31 392724 30 393491 30 394258 31 395025 31 395793 30 396560 30 397327 31 398094 31 398861 31 399629 30 400396 31 401163 31 401930 31 402698 30 403465 31 404232 31 404999 31 405766 31 406534 31 407301 31 408068 31 408835 31 409602 32 410370 31 411137 31 411904 31 412671 32 413439 31 414206 31 414973 31 415742 30 416511 28 417281 25 418050 23 418819 22 419588 20 420358 17 421127 15 421896 14 422666 11 423435 9 424204 7 424973 6 425743 3 426512 1
0005d6d95.jpg,265143 1 265910 4 266678 5 267445 7 268212 10 268980 11 269747 11 270514 12 271282 11 272049 11 272816 12 273583 12 274351 11 275118 12 275885 12 276653 11 277420 11 278189 10 278959 7 279728 5 280497 4 281267 1
0006c52e8.jpg,146366 1 147132 4 147899 5 148666 7 149432 10 150199 12 150966 13 151732 16 152499 18 153265 20 154032 22 154799 24 155565 27 156332 28 157099 30 157865 33 158632 35 159398 37 160165 39 160932 41 161698 43 162465 45 163231 48 163998 50 164765 51 165531 54 166298 56 167065 57 167831 60 168598 62 169364 65 170131 66 170898 68 171664 71 172431 73 173198 74 173964 77 174731 77 175497 77 176264 77 177031 77 177797 77 178564 77 179331 77 180097 77 180864 77 181630 77 182397 77 183164 77 183930 77 184697 77 185464 77 186230 77 186997 77 187763 77 188530 77 189297 77 190063 77 190830 77 191597 76 192363 77 193130 77 193896 77 194663 77 195430 77 196196 77 196963 77 197729 77 198496 77 199263 77 200029 77 200796 77 201563 77 202329 77 203096 77 203862 77 204629 77 205396 77 206162 77 206929 77 207696 77 208462 77 209229 77 209995 77 210762 77 211529 77 212295 77 213062 77 213829 77 214595 77 215362 77 216128 77 216895 77 217662 77 218428 77 219195 77 219962 77 220728 77 221495 77 222261 77 223028 77 223795 77 224561 77 225328 77 226095 76 226861 77 227628 77 228394 77 229161 77 229928 77 230694 77 231461 77 232227 77 232994 77 233761 77 234527 77 235294 77 236061 77 236827 77 237594 77 238360 77 239127 77 239894 77 240660 77 241427 77 242194 77 242960 77 243727 77 244493 77 245260 77 246027 77 246793 77 247560 77 248327 77 249093 77 249860 77 250626 77 251393 77 252160 77 252926 77 253693 77 254460 77 255226 77 255993 77 256759 77 257526 77 258293 77 259059 77 259826 77 260593 76 261359 77 262126 77 262892 77 263659 77 264426 77 265192 77 265959 77 266725 77 267492 77 268259 77 269025 77 269792 77 270559 77 271325 77 272092 77 272858 77 273625 77 274392 77 275158 77 275925 77 276692 77 277458 77 278225 77 278991 77 279758 77 280525 77 281291 77 282058 77 282825 77 283591 77 284358 77 285127 74 285895 73 286664 71 287433 68 288202 66 288970 65 289739 62 290508 60 291276 58 292045 56 292814 54 293583 51 294351 50 295120 47 295889 45 296658 43 297426 41 298195 39 298964 37 299732 35 300501 33 301270 30 302039 28 302807 27 303576 24 304345 22 305113 21 305882 18 306651 16 307420 13 308188 12 308957 10 309726 7 310495 5 311263 4 312032 1
000d42241.jpg,369226 3 369992 5 370760 5 371528 5 372296 5 373065 4 373833 4 374601 2
000e6378b.jpg,224667 2 225431 6 226196 10 226962 12 227730 12 228499 12 229267 12 230035 12 230804 12 231572 12 232340 12 233109 12 233877 12 234645 12 235414 12 236182 12 236950 13 237719 12 238487 12 239256 12 240024 12 240792 12 241561 12 242329 12 243097 12 243866 12 244634 12 245402 12 246171 12 246939 12 247707 10 248476 5 249244 2
000fd9827.jpg,53262 2 54028 4 54794 7 55560 9 56326 12 57092 14 57860 15 58629 14 59397 15 60166 14 60934 15 61703 12 62471 10 63240 7 64008 5 64777 2
00113a75c.jpg,401790 1 402557 3 403325 5 404092 7 404859 9 405627 11 406394 13 407162 15 407929 17 408696 20 409464 21 410231 23 411000 24 411770 23 412539 23 413308 24 414078 23 414847 24 415617 23 416386 23 417155 24 417925 23 418694 23 419464 23 420233 23 421002 21 421772 18 422541 17 423310 15 424080 12 424849 10 425619 7 426388 6 427157 4 427927 1
00113a75c.jpg,110888 2 111654 4 112420 7 113186 9 113953 11 114722 10 115490 11 116259 10 117027 11 117796 10 118564 11 119333 10 120101 10 120870 10 121638 10 122407 10 123175 10 123944 10 124712 10 125481 10 126249 10 127018 10 127786 10 128555 9 129323 10 130092 9 130860 10 131629 9 132397 10 133166 9 133934 10 134703 9 135471 10 136240 9 137008 7 137777 4 138545 2
00113a75c.jpg,394109 1 394876 4 395644 5 396411 8 397178 10 397946 12 398713 14 399482 14 400252 14 401021 14 401791 14 402561 13 403330 11 404099 10 404869 7 405638 5 406407 4 407177 1
00113a75c.jpg,123159 1 123925 4 124691 6 125458 8 126227 7 126995 8 127764 7 128532 8 129301 7 130069 8 130838 7 131607 7 132375 7 133144 6 133912 7 134681 6 135449 7 136218 6 136987 6 137755 6 138524 6 139292 6 140061 6 140829 6 141598 6 142367 5 143135 6 143904 5 144672 6 145441 5 146209 4 146978 1
00113a75c.jpg,172862 2 173628 4 174394 7 175160 9 175926 12 176692 14 177459 16 178227 16 178996 16 179764 16 180533 16 181301 16 182070 16 182838 16 183607 16 184375 16 185144 16 185912 16 186681 16 187449 16 188218 16 188986 16 189755 16 190523 16 191292 16 192060 16 192829 16 193597 16 194366 16 195134 16 195903 15 196671 16 197440 15 198208 16 198977 15 199745 16 200513 16 201282 16 202050 16 202819 16 203587 16 204356 16 205124 16 205893 16 206661 16 207430 16 208198 16 208967 16 209735 16 210504 16 211272 16 212041 16 212809 16 213578 16 214346 16 215115 16 215883 16 216652 16 217420 16 218189 13 218957 11 219726 8 220494 6 221263 3 222031 1
00113a75c.jpg,536114 1 536880 4 537646 6 538413 8 539179 10 539946 12 540715 12 541483 12 542252 12 543020 12 543789 12 544558 12 545326 12 546095 12 546863 12 547632 12 548401 12 549169 12 549938 12 550706 13 551475 12 552244 12 553012 12 553781 12 554550 12 555318 12 556087 12 556855 12 557624 12 558393 12 559161 12 559930 12 560698 12 561467 12 562236 10 563004 8 563773 5 564541 4 565310 1
00113a75c.jpg,111647 1 112413 3 113179 6 113945 8 114711 10 115477 13 116244 14 117012 15 117781 14 118549 15 119318 14 120086 15 120855 14 121623 15 122392 14 123160 14 123929 14 124697 14 125466 14 126234 14 127003 14 127771 14 128540 14 129309 13 130077 14 130846 13 131614 13 132383 13 133151 13 133920 13 134689 12 135457 13 136226 12 136994 13 137763 12 138531 13 139300 12 139313 1 140069 13 140837 14 141606 13 142374 14 143143 13 143911 14 144680 13 145447 15 146215 13 146983 11 147752 8 148520 6 149289 3 150057 1
001234638.jpg,131064 1 131831 3 132599 5 133366 7 134133 9 134900 12 135668 13 136435 15 137202 18 137969 20 138737 21 139504 23 140271 26 141038 28 141806 29 142573 32 143340 34 144107 36 144875 38 145642 40 146409 42 147176 42 147944 42 148711 42 149478 42 150245 42 151013 42 151780 42 152547 42 153314 42 154082 42 154849 42 155616 42 156383 42 157151 42 157918 42 158685 42 159452 42 160220 42 160987 42 161754 42 162521 42 163289 42 164056 42 164823 42 165590 42 166358 42 167125 42 167892 42 168659 42 169427 42 170194 42 170961 42 171728 42 172496 42 173263 42 174030 42 174797 42 175565 42 176332 42 177099 42 177866 42 178634 42 179401 42 180168 42 180935 42 181703 42 182470 42 183237 42 184004 42 184772 42 185539 42 186306 42 187073 42 187841 42 188608 42 189375 42 190142 42 190910 42 191677 42 192444 42 193211 42 193979 42 194746 42 195513 42 196280 42 197048 42 197815 42 198582 42 199349 42 200117 42 200884 42 201651 42 202418 42 203186 42 203953 42 204720 42 205487 42 206255 42 207022 42 207789 42 208556 42 209324 42 210091 42 210858 42 211625 42 212393 42 213160 42 213927 42 214694 42 215462 42 216229 42 216996 42 217763 42 218531 42 219298 42 220065 42 220832 42 221600 42 222367 42 223134 42 223901 42 224669 42 225436 42 226203 42 226970 42 227738 42 228505 42 229272 42 230039 42 230807 42 231574 42 232341 42 233108 42 233876 42 234643 42 235410 42 236179 40 236948 39 237718 36 238487 34 239256 32 240026 30 240795 28 241564 26 242334 23 243103 22 243872 20 244641 18 245411 15 246180 14 246949 12 247719 9 248488 7 249257 6 250027 3 250796 1
001566f7c.jpg,70386 1 71152 4 71918 6 72685 8 73451 10 74218 12 74984 15 75750 17 76517 19 77283 21 78050 23 78816 26 79582 28 80349 30 81115 32 81882 34 82651 34 83419 34 84188 34 84956 34 85725 34 86494 34 87262 34 88031 34 88799 34 89568 34 90337 34 91105 34 91874 34 92642 34 93411 34 94180 34 94948 34 95717 34 96485 34 97254 34 98023 34 98791 34 99560 34 100328 34 101097 34 101866 34 102634 34 103403 34 104171 35 104940 34 105708 35 106477 34 107246 34 108014 35 108783 34 109551 35 110320 34 111089 34 111857 35 112626 34 113394 35 114163 34 114932 34 115700 35 116469 34 117237 35 118006 34 118775 34 119543 35 120312 34 121080 35 121849 34 122618 34 123386 35 124155 34 124923 35 125692 34 126461 34 127229 35 127998 34 128766 35 129535 34 130304 34 131072 35 131841 34 132609 35 133378 34 134147 34 134915 35 135684 34 136452 35 137221 34 137990 34 138758 35 139527 34 140295 35 141064 34 141833 34 142601 35 143370 34 144138 35 144907 34 145675 35 146444 35 147213 34 147981 35 148750 34 149518 35 150287 35 151056 34 151824 35 152593 34 153361 35 154130 35 154899 34 155667 35 156436 34 157204 35 157973 35 158742 34 159510 35 160279 34 161047 35 161816 35 162585 34 163353 35 164122 34 164890 35 165659 35 166428 34 167196 35 167965 35 168733 35 169502 35 170271 34 171039 35 171808 35 172576 35 173345 35 174114 34 174882 35 175651 35 176419 35 177188 35 177957 34 178725 35 179494 35 180262 35 181031 35 181800 34 182568 35 183337 35 184105 35 184874 35 185643 34 186411 35 187180 35 187948 35 188717 35 189485 35 190254 35 191023 35 191791 35 192560 35 193328 35 194097 35 194866 35 195634 35 196403 35 197171 35 197940 35 198709 33 199477 31 200246 28 201014 27 201783 24 202552 21 203320 20 204089 17 204857 15 205626 13 206395 10 207163 8 207932 6 208700 4 209469 1
0017c19d6.jpg,329228 1 329995 3 330762 4 331529 6 332296 8 333064 7 333831 7 334598 7 335365 7 336132 8 336899 8 337668 6 338438 3 339207 1
0017c19d6.jpg,405963 1 406730 3 407497 5 408264 7 409031 10 409798 12 410565 14 411332 16 412099 18 412866 20 413635 18 414404 16 415173 14 415942 12 416711 11 417480 9 418249 7 419018 5 419787 3 420556 1
0018e5d6c.jpg,55444 8 56212 22 56980 36 57748 50 58516 58 59284 58 60052 58 60819 59 61587 59 62355 59 63123 59 63891 58 64659 58 65427 58 66195 58 66963 58 67731 58 68499 58 69267 58 70035 58 70803 58 71570 59 72338 59 73106 59 73874 58 74642 58 75410 58 76178 58 76946 58 77714 58 78482 58 79250 58 80018 58 80786 58 81554 58 82321 59 83089 59 83857 59 84625 58 85393 58 86161 58 86929 58 87697 58 88465 58 89233 58 90001 58 90769 58 91537 58 92305 58 93072 59 93840 59 94608 58 95376 58 96144 58 96912 58 97680 58 98448 58 99216 58 99984 58 100752 58 101520 58 102288 58 103056 58 103823 59 104591 58 105359 58 106127 58 106895 58 107663 58 108431 58 109199 58 109967 58 110735 58 111503 58 112271 58 113039 58 113807 58 114574 58 115342 58 116110 58 116878 58 117646 58 118414 58 119182 58 119950 58 120718 58 121486 58 122254 58 123022 58 123790 58 124558 58 125325 58 126093 58 126861 58 127629 58 128397 58 129165 58 129933 58 130701 58 131469 58 132237 58 133005 58 133773 58 134541 58 135309 57 136076 58 136844 58 137612 58 138380 58 139148 58 139916 58 140684 58 141452 58 142220 58 142988 58 143756 58 144524 58 145292 57 146060 57 146827 58 147595 58 148363 58 149131 58 149899 58 150667 58 151435 58 152203 58 152971 58 153739 58 154507 58 155275 57 156043 57 156811 57 157578 58 158346 58 159114 58 159882 58 160650 58 161418 58 162186 58 162954 58 163722 58 164490 58 165258 58 166026 57 166794 57 167561 58 168329 58 169097 58 169865 58 170633 58 171401 58 172169 58 172937 58 173705 58 174473 58 175241 58 176009 57 176777 57 177545 57 178312 58 179080 58 179848 58 180616 58 181384 58 182152 58 182920 58 183688 58 184456 58 185224 58 185992 57 186760 57 187528 57 188296 57 189063 58 189831 58 190599 58 191367 58 192135 58 192903 58 193671 58 194439 58 195207 58 195975 57 196743 57 197511 57 198279 57 199047 57 199814 58 200582 58 201350 58 202118 58 202886 58 203654 58 204422 58 205190 58 205958 57 206726 57 207494 57 208262 57 209030 57 209798 57 210565 58 211333 58 212101 58 212869 58 213637 58 214405 58 215173 58 215941 58 216709 57 217477 57 218245 57 219013 57 219781 57 220549 57 221316 58 222084 58 222852 58 223620 58 224388 58 225156 58 225924 58 226692 57 227460 57 228228 57 228996 57 229764 57 230532 57 231300 57 232067 58 232835 58 233603 58 234371 58 235139 58 235907 58 236675 57 237443 57 238211 57 238979 57 239747 57 240515 57 241283 57 242051 57 242818 58 243586 58 244354 58 245122 58 245890 58 246658 57 247426 57 248194 57 248962 57 249730 57 250498 57 251266 57 252034 57 252802 57 253569 58 254337 58 255105 58 255873 58 256641 58 257409 57 258177 57 258945 57 259713 57 260481 57 261249 57 262017 57 262785 57 263553 57 264320 58 265088 58 265856 58 266624 58 267392 57 268160 57 268928 57 269704 49 270486 35 271268 21 272050 7
0019fc4d8.jpg,366469 2 367234 5 367999 9 368763 13 369528 16 370293 19 371058 23 371824 25 372592 25 373361 25 374129 25 374897 25 375665 26 376434 25 377202 25 377970 25 378739 25 379507 25 380275 25 381043 26 381812 25 382580 25 383348 26 384117 25 384885 25 385653 25 386422 25 387190 25 387958 25 388726 26 389495 25 390263 25 391031 26 391800 25 392568 25 393336 25 394104 26 394873 25 395641 25 396409 26 397178 25 397946 25 398714 26 399482 26 400251 25 401019 25 401787 26 402556 25 403324 25 404092 26 404860 26 405629 25 406397 26 407165 26 407934 25 408702 25 409470 26 410238 26 411007 25 411775 26 412543 26 413312 25 414080 26 414848 26 415617 25 416385 25 417153 26 417921 26 418690 25 419458 26 420226 26 420995 25 421763 26 422531 26 423299 26 424068 25 424836 26 425604 26 426373 25 427141 26 427909 26 428677 26 429446 26 430214 26 430982 26 431751 25 432519 26 433287 26 434055 26 434824 26 435592 26 436360 26 437129 26 437897 26 438665 26 439433 26 440202 26 440970 26 441738 26 442507 26 443275 26 444043 26 444812 26 445580 26 446348 26 447116 26 447885 26 448653 26 449421 24 450190 20 450958 16 451726 13 452494 10 453263 5 454031 2
001aee007.jpg,496304 1 497071 3 497838 5 498605 7 499372 9 500139 11 500905 13 501672 15 502439 17 503206 19 503973 21 504740 23 505507 25 506274 27 507041 29 507808 31 508575 32 509342 34 510109 36 510875 39 511642 41 512409 43 513176 43 513943 43 514710 43 515477 43 516244 43 517011 43 517778 43 518545 42 519312 42 520079 42 520845 43 521612 43 522379 43 523146 43 523913 43 524680 43 525447 43 526214 43 526981 43 527748 43 528515 43 529282 42 530049 42 530815 43 531582 43 532349 43 533116 43 533883 43 534650 43 535417 43 536184 43 536951 43 537718 43 538485 43 539252 43 540018 44 540785 43 541552 43 542319 43 543086 43 543853 43 544620 43 545387 43 546154 43 546921 43 547688 43 548455 43 549222 43 549988 44 550755 44 551522 43 552289 43 553056 43 553823 43 554590 43 555357 43 556124 43 556891 43 557658 43 558425 43 559192 43 559958 44 560725 44 561492 44 562259 43 563026 43 563793 43 564560 43 565327 43 566094 43 566861 43 567628 43 568395 43 569162 43 569928 44 570695 44 571462 44 572229 44 572996 44 573763 43 574530 43 575299 41 576068 39 576837 37 577606 35 578375 33 579144 31 579913 29 580682 27 581451 25 582220 23 582989 21 583758 19 584527 16 585296 14 586065 12 586834 10 587603 8 588372 6 589141 4
001aee007.jpg,414563 1 415330 3 416097 5 416864 7 417631 9 418398 11 419164 14 419931 16 420698 18 421465 20 422232 22 422999 24 423766 24 424533 24 425300 24 426067 24 426834 24 427600 25 428367 24 429134 24 429901 24 430668 24 431435 24 432202 24 432969 24 433736 24 434503 24 435270 24 436036 25 436803 24 437570 24 438337 24 439104 24 439871 24 440638 24 441405 24 442172 24 442939 24 443706 24 444472 25 445239 24 446006 24 446773 24 447540 24 448307 24 449074 24 449841 24 450608 24 451375 24 452142 24 452908 25 453675 25 454442 24 455209 24 455976 24 456743 24 457510 24 458279 22 459048 20 459816 19 460585 17 461354 15 462123 13 462892 10 463661 8 464429 7 465198 5 465967 3 466736 1
001aee007.jpg,207463 1 208230 3 208997 5 209764 7 210531 9 211299 11 212066 13 212833 15 213600 17 214367 19 215134 21 215901 21 216668 21 217435 21 218203 20 218970 21 219737 21 220504 21 221271 21 222038 21 222805 21 223572 21 224339 21 225107 20 225874 21 226641 21 227408 21 228175 21 228942 21 229709 21 230476 21 231243 21 232010 21 232778 21 233545 21 234312 21 235079 21 235846 21 236613 21 237380 21 238147 21 238914 21 239682 20 240449 21 241216 21 241983 21 242750 21 243519 19 244288 17 245057 15 245826 13 246595 11 247365 9 248134 7 248903 5 249672 3 250441 1
001aee007.jpg,241920 1 242687 2 243454 3 244221 4 244988 5 245755 6 246522 7 247289 8 248056 9 248823 10 249590 11 250357 12 251124 13 251891 14 252658 15 253426 15 254193 16 254960 17 255727 18 256494 19 257261 20 258028 21 258795 22 259562 23 260329 24 261096 25 261863 26 262630 26 263397 26 264164 26 264931 26 265698 26 266465 26 267232 26 267999 26 268766 26 269533 26 270300 26 271067 26 271834 26 272601 26 273368 26 274135 26 274903 25 275670 25 276437 25 277204 25 277971 25 278738 26 279505 26 280272 26 281039 26 281806 26 282573 26 283340 26 284107 26 284874 26 285641 26 286410 24 287179 22 287948 20 288717 18 289486 16 290255 14 291025 11 291794 9 292563 7 293332 5 294101 3 294870 1
001bcf222.jpg,219235 2 219999 6 220764 10 221530 12 222298 12 223067 11 223835 12 224603 12 225371 12 226140 11 226908 12 227676 12 228444 12 229213 12 229981 12 230749 12 231518 11 232286 12 233054 12 233822 10 234591 5 235359 2
001e418bc.jpg,121946 1 122713 3 123480 5 124247 8 125015 9 125782 11 126549 13 127316 15 128083 17 128850 20 129618 21 130385 23 131152 25 131919 27 132686 29 133453 31 134220 34 134988 35 135755 37 136522 39 137289 41 138056 43 138823 46 139590 48 140358 49 141125 51 141892 51 142659 51 143426 51 144193 52 144961 51 145728 51 146495 51 147262 51 148029 51 148796 51 149563 52 150331 51 151098 51 151865 51 152632 51 153399 51 154166 51 154933 52 155701 51 156468 51 157235 51 158002 51 158769 51 159536 51 160304 51 161071 51 161838 51 162605 51 163372 51 164139 51 164906 51 165674 51 166441 51 167208 51 167975 51 168742 51 169509 51 170276 51 171044 51 171811 51 172578 51 173345 51 174112 51 174879 51 175647 50 176414 51 177181 51 177948 51 178715 51 179482 51 180249 51 181017 50 181784 51 182551 51 183318 51 184085 51 184852 51 185619 51 186387 50 187154 51 187921 51 188688 51 189455 51 190222 51 190990 50 191757 50 192524 51 193291 51 194058 51 194825 51 195592 51 196360 50 197127 50 197894 51 198661 51 199428 51 200195 51 200962 51 201730 50 202497 50 203264 51 204031 51 204798 51 205565 51 206333 50 207100 50 207867 50 208634 51 209403 49 210172 47 210942 44 211711 42 212480 40 213249 38 214018 37 214788 34 215557 32 216326 30 217095 28 217864 26 218634 23 219403 22 220172 20 220941 18 221710 16 222480 13 223249 11 224018 9 224787 8 225556 6 226326 3 227095 1
001eb2794.jpg,34481 2 35247 4 36013 7 36779 9 37547 10 38316 9 39084 9 39853 9 40621 9 41390 9 42158 9 42927 8 43695 9 44463 9 45232 9 46000 9 46769 8 47537 9 48306 8 49074 9 49843 8 50611 6 51380 3 52148 1
001ed8b9b.jpg,6382 3 7150 9 7918 14 8685 21 9453 26 10221 31 10989 37 11757 40 12525 40 13292 41 14060 40 14828 40 15596 40 16364 40 17132 40 17899 41 18667 40 19435 40 20203 40 20971 40 21739 40 22506 41 23274 40 24042 40 24810 40 25578 40 26346 40 27113 41 27881 40 28649 40 29417 40 30185 40 30953 40 31720 41 32488 40 33256 40 34024 40 34792 40 35560 40 36327 41 37095 40 37863 40 38631 40 39399 40 40167 40 40934 41 41702 40 42470 40 43238 40 44006 40 44774 40 45541 41 46309 40 47077 40 47845 40 48613 40 49381 40 50148 41 50916 40 51684 40 52452 40 53220 40 53988 40 54755 41 55523 40 56291 40 57059 40 57827 40 58595 40 59362 41 60130 40 60898 40 61666 40 62434 40 63202 40 63969 41 64737 40 65505 40 66273 40 67041 40 67809 40 68576 41 69344 40 70112 40 70880 40 71648 40 72416 40 73183 41 73951 40 74719 40 75487 40 76255 40 77023 40 77790 41 78558 40 79326 40 80094 40 80862 40 81630 40 82397 41 83165 40 83933 40 84701 40 85469 40 86237 40 87004 41 87772 40 88540 40 89308 40 90076 40 90844 40 91611 41 92379 40 93147 40 93915 40 94683 40 95451 40 96218 41 96986 40 97754 40 98522 40 99290 40 100058 40 100825 41 101593 40 102361 40 103129 40 103897 40 104665 40 105432 41 106200 40 106968 40 107736 40 108504 40 109272 40 110039 41 110807 40 111575 40 112343 40 113111 40 113879 40 114646 41 115414 40 116182 40 116950 40 117718 40 118486 40 119253 41 120021 40 120789 40 121557 40 122325 40 123093 40 123860 41 124628 40 125396 40 126164 40 126932 40 127700 40 128467 41 129235 40 130003 40 130771 40 131539 40 132307 40 133074 41 133842 40 134610 40 135378 40 136146 40 136914 40 137681 40 138449 40 139217 40 139985 40 140753 40 141521 40 142288 40 143056 40 143824 40 144592 40 145360 40 146128 40 146895 40 147663 40 148431 40 149199 40 149967 40 150735 40 151502 40 152270 40 153038 40 153806 40 154574 40 155342 40 156109 40 156877 40 157645 40 158413 40 159181 40 159949 40 160716 40 161484 40 162252 40 163020 40 163788 40 164556 40 165323 40 166091 40 166859 40 167627 40 168395 40 169163 40 169930 40 170698 40 171466 40 172234 40 173002 40 173770 40 174537 40 175305 40 176073 40 176841 40 177609 40 178377 40 179144 40 179912 40 180680 40 181448 40 182216 40 182984 40 183751 40 184519 40 185287 40 186055 40 186823 40 187591 40 188358 40 189126 40 189894 40 190662 40 191430 40 192198 40 192965 40 193733 40 194501 40 195269 40 196037 40 196805 40 197572 40 198340 40 199108 40 199876 40 200644 40 201412 40 202179 40 202947 40 203715 40 204483 40 205251 40 206019 40 206786 40 207554 40 208322 40 209090 40 209858 40 210626 40 211393 40 212161 40 212929 40 213697 40 214465 40 215233 40 216000 40 216768 40 217536 40 218304 40 219072 40 219840 40 220607 40 221375 40 222143 40 222911 40 223679 40 224447 40 225214 40 225982 40 226750 40 227518 40 228286 40 229054 40 229821 40 230589 40 231357 40 232125 40 232893 40 233661 40 234428 40 235196 40 235964 40 236732 40 237500 40 238268 40 239035 40 239803 40 240571 40 241339 40 242107 40 242875 40 243642 40 244410 40 245178 40 245946 40 246714 40 247482 40 248249 40 249017 40 249785 40 250553 40 251321 40 252089 40 252856 40 253624 40 254392 40 255164 36 255938 30 256712 24 257487 16 258261 10 259035 4
001eda01f.jpg,368419 8 369187 8 369955 8 370723 8 371491 8 372259 8 373027 8 373794 9 374562 9 375330 9 376098 9 376866 9 377634 9
0022f64e5.jpg,104331 2 105099 5 105866 8 106634 11 107402 13 108169 14 108937 13 109704 14 110472 14 111240 13 112007 14 112775 13 113543 13 114310 14 115078 13 115846 13 116613 14 117381 13 118149 13 118916 13 119684 13 120451 14 121219 13 121987 13 122754 14 123522 13 124290 13 125057 13 125825 13 126593 13 127360 13 128128 13 128896 13 129663 13 130431 13 131198 13 131966 13 132734 13 133501 13 134269 13 135037 13 135804 13 136572 13 137340 12 138107 13 138875 13 139642 13 140410 13 141178 13 141945 13 142713 13 143481 12 144248 13 145016 13 145784 12 146551 13 147319 13 148087 12 148854 13 149622 12 150389 13 151157 13 151925 12 152692 13 153460 13 154230 10 155000 8 155771 4 156541 2
00269a792.jpg,68652 1 69419 3 70185 6 70952 8 71719 9 72486 11 73252 14 74019 16 74786 18 75553 20 76320 21 77086 24 77853 26 78620 28 79387 28 80153 29 80920 28 81687 28 82454 28 83220 29 83987 28 84754 28 85521 28 86288 28 87054 28 87821 28 88588 28 89355 28 90121 28 90888 28 91655 28 92422 28 93188 28 93955 28 94722 28 95489 28 96255 28 97022 28 97789 28 98556 28 99323 27 100089 28 100856 28 101623 28 102390 27 103156 28 103923 28 104690 28 105457 27 106223 28 106990 28 107757 28 108524 27 109291 27 110057 28 110824 28 111591 27 112358 27 113124 28 113891 28 114658 27 115427 25 116196 23 116964 22 117733 19 118502 17 119271 15 120039 14 120808 11 121577 9 122346 7 123114 6 123883 3 124652 1
0027854cc.jpg,360 22 1127 22 1895 22 2662 22 3430 22 4197 22 4965 22 5732 22 6499 22 7267 22 8034 22 8802 22 9569 22 10336 22 11104 22 11871 22 12639 22 13406 22 14174 22 14941 22 15708 22 16476 22 17243 22 18011 22 18778 22 19545 23 20313 22 21080 22 21848 22 22615 22 23383 22 24150 22 24917 22 25685 22 26452 22 27220 22 27987 22 28755 22 29522 22 30289 22 31057 22 31824 22 32592 22 33359 22 34126 23 34894 22 35661 22 36429 22 37196 22 37964 22 38731 22 39498 23 40266 22 41033 22 41801 22 42568 22 43335 23 44103 22 44870 22 45638 22 46405 22 47173 22 47940 22 48707 23 49475 22 50242 22 51010 22 51777 22 52544 23 53312 22 54079 23 54847 22 55614 22 56382 22 57149 22 57918 21 58688 18 59458 15 60228 13 60998 10 61767 9 62537 6 63307 4 64077 1
002868a5c.jpg,174195 4 174959 8 175727 8 176495 8 177264 7 178032 3
00286e8b9.jpg,342252 1 343019 3 343786 5 344553 7 345319 10 346086 12 346853 14 347620 16 348387 17 349154 19 349921 21 350688 23 351455 25 352221 28 352988 30 353755 32 354522 34 355289 36 356056 38 356825 38 357594 38 358363 38 359132 38 359901 37 360670 37 361439 37 362207 38 362976 38 363745 38 364514 38 365283 38 366052 38 366821 38 367590 38 368359 38 369128 38 369897 38 370666 38 371435 37 372204 37 372973 37 373741 38 374510 38 375279 38 376048 38 376817 38 377586 38 378355 38 379124 38 379893 38 380662 38 381431 38 382200 38 382969 37 383738 37 384507 37 385275 38 386044 38 386813 38 387582 38 388351 38 389120 38 389889 38 390658 38 391427 38 392196 38 392965 38 393734 38 394503 37 395272 37 396041 37 396809 38 397578 38 398347 38 399116 38 399885 38 400654 38 401423 38 402192 38 402961 38 403730 38 404499 38 405268 38 406037 37 406806 37 407575 37 408343 38 409112 38 409881 38 410650 38 411419 38 412188 38 412957 38 413726 38 414495 38 415264 38 416033 38 416802 38 417571 37 418340 37 419109 37 419877 38 420646 38 421415 38 422184 38 422953 38 423722 36 424491 34 425260 32 426029 30 426798 27 427567 25 428336 23 429105 21 429874 19 430643 17 431411 16 432180 14 432949 12 433718 9 434487 7 435256 5 436025 3 436794 1
002943412.jpg,300511 1 301277 4 302043 6 302809 9 303576 11 304345 10 305113 11 305882 11 306651 10 307419 11 308188 10 308957 10 309725 11 310494 10 311262 11 312031 11 312800 10 313568 11 314337 11 315106 10 315874 11 316643 9 317412 6 318180 4 318949 1
002943412.jpg,143468 1 144235 3 145001 6 145768 7 146535 9 147301 12 148068 14 148835 16 149601 18 150368 20 151135 22 151901 25 152668 27 153435 28 154201 31 154968 33 155735 35 156501 38 157268 39 158035 41 158804 41 159573 41 160341 42 161110 41 161879 41 162648 41 163417 41 164185 42 164954 41 165723 41 166492 41 167261 41 168029 42 168798 41 169567 41 170336 41 171105 41 171873 42 172642 41 173411 41 174180 41 174949 41 175717 42 176486 41 177255 41 178024 41 178793 41 179561 42 180330 41 181099 41 181868 41 182637 41 183405 42 184174 41 184943 41 185712 41 186481 41 187249 42 188018 41 188787 41 189556 41 190325 41 191093 41 191862 41 192631 41 193400 41 194169 41 194937 41 195706 41 196475 41 197244 41 198013 41 198781 41 199550 41 200319 41 201088 41 201857 41 202625 41 203394 41 204163 41 204932 41 205700 42 206469 41 207238 41 208007 41 208776 41 209544 42 210313 41 211082 41 211851 41 212620 41 213388 42 214157 41 214926 41 215695 41 216464 41 217232 42 218001 41 218770 41 219539 41 220308 41 221076 42 221845 41 222614 41 223383 41 224152 41 224920 42 225689 41 226458 41 227227 41 227996 41 228764 42 229533 41 230302 41 231071 41 231840 41 232608 42 233377 41 234146 41 234915 41 235684 41 236452 42 237221 41 237990 41 238759 41 239528 39 240296 38 241065 35 241834 33 242603 31 243372 28 244140 27 244909 25 245678 22 246447 20 247216 18 247984 16 248753 14 249522 12 250291 9 251060 7 251828 6 252597 3 253366 1
002943412.jpg,205982 1 206748 4 207514 6 208280 9 209046 11 209812 14 210578 16 211344 19 212110 21 212877 23 213646 22 214414 23 215183 23 215951 23 216720 23 217488 23 218257 23 219025 23 219794 23 220562 23 221331 23 222100 22 222868 23 223637 23 224405 23 225174 23 225942 23 226711 23 227479 23 228248 23 229016 23 229785 23 230554 22 231322 23 232091 23 232859 23 233628 23 234396 23 235165 23 235933 23 236702 23 237470 23 238239 23 239008 23 239776 23 240545 23 241313 23 242082 23 242850 23 243619 23 244387 23 245156 23 245925 22 246693 23 247462 23 248230 23 248999 23 249767 23 250536 23 251304 23 252073 23 252841 23 253610 23 254379 22 255147 23 255916 21 256684 19 257453 16 258221 14 258990 11 259758 9 260527 6 261295 4 262064 1
002c62c03.jpg,490805 2 491570 5 492336 8 493104 8 493873 7 494641 8 495409 8 496178 7 496946 8 497714 8 498483 7 499251 8 500019 8 500788 8 501556 8 502325 7 503093 8 503861 8 504630 7 505398 8 506166 8 506935 7 507703 8 508471 8 509240 5 510008 2
002c78530.jpg,258116 2 258884 4 259651 7 260419 6 261189 4 261959 1
002c78530.jpg,321223 2 321991 5 322758 8 323526 11 324294 13 325061 14 325829 13 326596 14 327364 13 328132 13 328899 14 329667 13 330435 13 331202 13 331970 13 332738 13 333505 13 334273 13 335041 12 335808 13 336576 13 337343 13 338111 13 338879 12 339646 13 340414 13 341184 10 341954 8 342725 4 343495 2
002d56570.jpg,417411 2 418175 6 418940 10 419704 14 420470 16 421238 16 422007 16 422775 16 423543 16 424311 17 425080 16 425848 16 426616 16 427385 16 428153 16 428921 16 429689 17 430458 16 431226 16 431994 17 432763 16 433531 16 434299 16 435068 16 435836 16 436604 16 437372 17 438141 16 438909 16 439677 16 440446 16 441214 16 441982 16 442750 17 443519 16 444287 16 445055 16 445824 16 446592 16 447360 16 448128 17 448897 16 449665 16 450433 17 451202 16 451970 16 452738 16 453507 16 454275 16 455043 16 455811 17 456580 16 457348 16 458116 16 458885 16 459653 16 460421 16 461189 17 461958 16 462726 16 463494 16 464263 16 465031 16 465799 16 466567 17 467336 16 468104 16 468872 17 469641 16 470409 16 471177 16 471946 16 472714 16 473482 16 474250 17 475019 16 475787 16 476555 16 477324 16 478092 16 478860 14 479628 10 480397 6 481165 2
002deeb16.jpg,86464 2 87229 5 87994 9 88759 12 89524 15 90289 19 91054 22 91819 25 92584 29 93349 32 94114 36 94880 38 95648 38 96417 38 97185 38 97953 38 98722 38 99490 38 100258 38 101027 38 101795 38 102564 37 103332 38 104100 38 104869 38 105637 38 106405 38 107174 38 107942 38 108710 38 109479 38 110247 38 111015 38 111784 38 112552 38 113320 38 114089 38 114857 38 115626 37 116394 38 117162 38 117931 38 118699 38 119467 38 120236 38 121004 38 121772 38 122541 38 123309 38 124077 38 124846 38 125614 38 126382 38 127151 38 127919 38 128688 38 129456 38 130224 38 130993 38 131761 38 132529 38 133298 38 134066 38 134834 38 135603 38 136371 38 137139 38 137908 38 138676 38 139444 38 140213 38 140981 38 141750 38 142518 38 143286 38 144055 38 144823 38 145591 38 146360 38 147128 38 147896 38 148665 38 149433 38 150201 38 150970 38 151738 38 152506 39 153275 38 154043 38 154812 38 155580 38 156348 38 157117 38 157885 38 158653 38 159422 38 160190 38 160958 38 161727 38 162495 38 163263 38 164032 38 164800 38 165568 39 166337 38 167105 38 167874 38 168642 38 169410 38 170179 38 170947 38 171715 38 172484 38 173252 38 174020 38 174789 38 175557 38 176325 38 177094 38 177862 38 178630 39 179399 38 180167 38 180936 38 181704 38 182472 38 183241 38 184009 38 184777 38 185546 38 186314 38 187082 38 187851 38 188619 38 189387 39 190156 38 190924 38 191692 39 192461 38 193229 38 193998 38 194766 38 195534 38 196303 38 197071 38 197839 38 198608 38 199376 38 200144 38 200913 38 201681 38 202449 39 203218 38 203986 38 204754 39 205523 38 206291 38 207060 38 207828 38 208596 38 209365 38 210133 38 210901 38 211670 38 212438 38 213206 39 213975 38 214743 38 215511 39 216280 38 217048 38 217816 39 218585 38 219353 38 220122 38 220890 38 221658 38 222427 38 223195 38 223963 38 224732 38 225500 38 226268 39 227037 38 227805 38 228573 39 229342 38 230110 38 230878 39 231647 38 232415 38 233184 38 233952 38 234720 38 235489 38 236257 38 237025 39 237794 38 238562 38 239330 39 240099 38 240867 38 241635 39 242404 38 243172 36 243940 33 244709 30 245477 27 246246 23 247014 20 247782 18 248551 14 249319 11 250087 8 250856 5 251624 2
002e85393.jpg,134559 1 135325 4 136092 5 136858 8 137625 10 138391 13 139157 15 139924 17 140690 18 141457 17 142223 18 142990 17 143759 15 144527 13 145296 10 146065 8 146834 5 147602 4 148371 1
002fdcf51.jpg,373563 2 374331 4 375098 7 375866 9 376633 12 377401 14 378169 15 378936 16 379704 15 380471 16 381239 15 382007 15 382774 15 383542 15 384309 15 385077 15 385844 15 386612 15 387380 15 388147 15 388915 15 389682 15 390450 15 391218 14 391985 15 392753 14 393520 15 394288 15 395056 14 395823 15 396591 14 397358 15 398126 14 398894 14 399661 14 400429 14 401196 15 401964 14 402731 15 403499 14 404267 14 405034 14 405802 14 406569 14 407337 14 408105 13 408872 14 409640 14 410407 14 411175 14 411943 13 412710 14 413478 13 414245 14 415013 13 415781 13 416548 14 417316 13 418083 14 418851 13 419618 14 420386 13 421154 13 421921 13 422689 13 423456 13 424224 13 424992 13 425759 13 426527 13 427294 13 428062 13 428832 10 429602 8 430372 5 431143 2
002fdcf51.jpg,265354 2 266122 4 266889 7 267657 9 268424 12 269192 14 269959 18 270727 20 271494 23 272262 25 273030 27 273797 30 274565 32 275332 36 276100 38 276867 41 277635 43 278402 46 279170 48 279937 51 280705 51 281473 50 282240 51 283008 50 283775 51 284543 50 285310 51 286078 50 286845 51 287613 51 288381 50 289148 51 289916 50 290683 51 291451 50 292218 51 292986 50 293753 51 294521 50 295288 51 296056 51 296824 50 297591 51 298359 50 299126 51 299894 50 300661 51 301429 50 302196 51 302964 51 303732 50 304499 51 305267 50 306034 51 306802 50 307569 51 308337 50 309104 51 309872 50 310640 50 311407 51 312175 50 312942 51 313710 50 314477 51 315245 50 316012 51 316780 50 317547 51 318315 51 319083 50 319850 51 320618 50 321385 51 322153 50 322920 51 323688 50 324455 51 325223 51 325991 50 326758 51 327526 50 328293 51 329061 50 329828 51 330596 50 331363 51 332131 50 332898 51 333666 51 334434 50 335201 51 335969 50 336736 51 337504 50 338271 51 339039 50 339806 51 340574 51 341342 50 342109 51 342877 50 343644 51 344412 50 345179 51 345947 50 346714 51 347482 50 348249 51 349017 51 349785 50 350552 51 351320 50 352087 51 352855 50 353622 51 354390 50 355157 51 355925 51 356693 50 357460 51 358228 50 358995 51 359763 50 360530 51 361298 50 362065 51 362833 50 363601 50 364368 51 365136 50 365903 51 366671 50 367438 51 368206 50 368973 51 369741 50 370508 51 371276 51 372044 50 372811 51 373579 50 374346 51 375114 50 375881 51 376649 50 377416 51 378185 50 378953 49 379720 50 380488 49 381255 50 382023 49 382791 49 383558 49 384326 49 385093 49 385861 49 386629 49 387396 49 388164 49 388931 49 389699 49 390467 48 391234 49 392002 48 392770 48 393537 49 394305 48 395072 49 395840 48 396608 48 397375 48 398143 48 398910 48 399678 48 400446 47 401213 48 401981 48 402748 48 403516 48 404284 47 405051 48 405819 47 406586 48 407354 47 408122 47 408889 48 409657 47 410424 48 411192 47 411960 47 412727 47 413495 47 414262 47 415030 47 415798 47 416565 47 417333 47 418100 47 418868 47 419636 46 420403 47 421171 46 421939 46 422706 46 423474 46 424241 47 425009 46 425777 46 426544 46 427312 46 428079 46 428847 46 429615 45 430382 46 431150 46 431917 46 432680 3 432685 46 433448 50 434215 51 434983 50 435750 51 436518 50 437285 51 438053 50 438820 51 439588 51 440356 50 441123 51 441891 50 442658 51 443426 50 444193 51 444961 50 445728 51 446496 51 447266 48 448036 46 448806 43 449576 41 450346 38 451116 36 451887 32 452657 30 453427 27 454197 25 454967 23 455737 20 456507 18 457278 14 458048 12 458818 9 459588 7 460358 4 461128 2
00319c32d.jpg,164835 2 165602 4 166371 4 167139 3 167908 1
003520305.jpg,243266 4 244034 10 244802 14 245570 14 246337 15 247105 15 247873 14 248641 14 249409 14 250177 14 250945 14 251713 14 252480 14 253248 14 254016 14 254784 14 255552 14 256320 14 257088 13 257855 14 258623 14 259391 14 260159 14 260927 14 261695 14 262463 13 263230 14 263998 14 264766 14 265534 14 266302 14 267070 13 267838 13 268606 13 269373 14 270141 14 270909 14 271677 13 272445 13 273213 13 273981 13 274748 14 275516 14 276284 13 277052 13 277824 9 278598 3
003520305.jpg,520443 2 521211 6 521979 6 522746 7 523514 7 524282 7 525050 7 525818 6 526586 6 527354 6 528122 6 528889 7 529657 7 530425 7 531193 7 531961 7 532729 7 533497 6 534265 6 535032 7 535800 7 536568 7 537336 7 538104 7 538872 7 539640 7 540408 7 541175 8 541943 7 542711 7 543479 7 544247 7 545015 7 545783 7 546551 7 547318 8 548086 8 548854 8 549622 7 550390 7 551158 7 551926 7 552694 7 553461 8
003520305.jpg,1334 6 2102 11 2870 11 3637 12 4405 11 5173 11 5941 11 6709 11 7477 11 8244 12 9012 11 9780 11 10548 11 11316 11 12083 12 12851 11 13619 11 14387 11 15155 11 15922 12 16690 11 17458 11 18226 11 18994 11 19762 11 20529 12 21297 11 22065 11 22833 11 23601 11 24368 12 25136 11 25904 11 26672 11 27440 11 28207 12 28975 12 29743 11 30511 11 31279 11 32047 11 32814 12 33582 11 34350 11 35118 11 35886 11 36653 12 37421 12 38189 11 38957 11 39725 11 40492 12 41260 12 42028 11 42796 11 43564 11 44332 11 45099 12 45867 11 46635 11 47403 11 48171 11 48938 12 49706 12 50474 11 51245 8 52018 3
003520305.jpg,386096 3 386864 7 387632 10 388399 11 389167 11 389935 10 390703 10 391471 10 392239 10 393006 11 393774 11 394542 10 395310 10 396078 10 396845 11 397613 11 398381 10 399149 10 399917 10 400684 11 401452 11 402220 10 402988 10 403756 10 404524 10 405291 11 406059 11 406827 10 407595 10 408363 10 409130 11 409898 11 410666 10 411434 10 412202 10 412969 11 413737 11 414505 10 415273 10 416041 10 416809 10 417576 11 418344 11 419112 10 419880 10 420648 10 421415 11 422183 11 422951 10 423719 10 424487 10 425254 11 426022 11 426790 10 427558 10 428326 10 429094 10 429861 11 430629 11 431397 10 432168 7 432940 3
003520305.jpg,517352 5 518120 14 518888 19 519656 19 520424 17 521191 18 521959 18 522727 18 523495 18 524263 18 525031 17 525799 17 526567 17 527334 18 528102 18 528870 18 529638 18 530406 18 531174 18 531942 18 532710 18 533477 18 534245 18 535013 18 535781 18 536549 18 537317 18 538085 18 538853 18 539620 19 540388 19 541156 18 541924 18 542692 18 543460 18 544228 18 544996 18 545763 19 546531 19 547299 19 548067 19 548835 19 549603 18 550371 18 551139 18 551906 19 552674 19 553442 19 554210 19 554982 15 555756 9 556530 3
003520305.jpg,84642 4 85410 11 86178 15 86945 16 87713 16 88481 15 89249 15 90017 15 90785 15 91552 16 92320 16 93088 15 93856 15 94624 15 95392 15 96159 16 96927 16 97695 15 98463 15 99231 15 99999 15 100766 16 101534 16 102302 15 103070 15 103838 15 104606 15 105373 16 106141 16 106909 15 107677 15 108445 15 109212 16 109980 16 110748 15 111516 15 112284 15 113052 15 113819 16 114587 16 115355 15 116123 15 116891 15 117659 15 118426 16 119194 16 119962 15 120730 15 121498 15 122266 15 123033 16 123801 16 124569 15 125337 15 126105 15 126872 16 127640 16 128408 15 129176 15 129944 15 130712 15 131479 16 132247 16 133015 15 133783 15 134551 15 135319 15 136086 16 136854 16 137622 15 138390 15 139158 15 139926 15 140693 16 141461 16 142229 15 142997 15 143765 15 144533 15 145300 16 146068 16 146836 15 147608 11 148383 4
003520305.jpg,44493 5 45261 15 46029 20 46797 20 47565 20 48332 21 49100 21 49868 20 50636 20 51404 20 52172 20 52940 20 53708 20 54476 20 55244 20 56011 21 56779 21 57547 20 58315 20 59083 20 59851 20 60619 20 61387 20 62155 20 62923 20 63690 21 64458 21 65226 20 65994 20 66762 20 67530 20 68298 20 69066 20 69834 20 70602 20 71369 21 72137 21 72905 20 73673 20 74441 20 75209 20 75977 20 76745 20 77513 20 78281 20 79048 21 79816 21 80584 20 81352 20 82120 20 82893 15 83671 5
00371aa92.jpg,207947 2 208713 4 209480 6 210248 6 211017 6 211785 6 212554 6 213322 6 214091 6 214859 6 215628 6 216396 6 217165 6 217933 6 218702 6 219470 6 220239 6 221007 6 221776 6 222544 6 223313 6 224081 6 224850 6 225618 6 226387 2
0038cbe45.jpg,217974 9 218734 17 219502 17 220270 17 221038 17 221806 17 222574 17 223342 17 224110 17 224878 17 225646 17 226414 17 227182 17 227950 17 228718 17 229486 18 230255 17 231023 17 231791 17 232559 17 233327 17 234095 17 234863 17 235631 17 236399 17 237167 17 237935 17 238703 17 239471 17 240239 8
003b48a9e.jpg,291795 3 292559 7 293325 9 294093 10 294861 10 295630 9 296398 6 297166 2
003b48a9e.jpg,352965 12 353733 12 354501 12 355269 12 356036 13 356804 13 357572 13
003d43308.jpg,29054 2 29820 4 30585 8 31350 11 32116 13 32881 17 33647 19 34412 23 35177 26 35943 28 36708 32 37473 35 38239 37 39004 41 39770 43 40535 46 41300 50 42066 52 42831 55 43597 58 44362 61 45127 65 45893 67 46658 70 47424 73 48189 76 48954 77 49720 77 50485 77 51250 77 52016 77 52781 77 53547 77 54312 77 55077 78 55843 77 56609 76 57377 74 58146 70 58914 68 59683 64 60451 61 61219 59 61988 55 62756 53 63525 49 64293 47 65061 44 65830 40 66598 38 67367 34 68135 32 68903 29 69672 25 70440 23 71209 19 71977 17 72745 14 73514 11 74282 8 75051 4 75819 2
003e2c95d.jpg,166986 18 167754 18 168522 18 169290 18 170058 18 170826 18 171594 18 172362 18 173130 18 173898 18 174666 18 175434 18 176202 18 176970 18 177738 18 178506 19 179275 18 180043 18 180811 18 181579 18 182347 18 183115 18 183883 18 184651 18 185419 18 186187 18 186955 18 187723 18 188491 18 189259 18 190027 18 190795 18 191563 18 192331 18 193099 18 193867 18 194635 18 195403 18 196171 18 196939 18 197707 18 198475 18 199243 18 200011 18 200779 18 201547 19 202316 18 203084 18 203852 18 204620 18 205388 18 206156 18 206924 18 207692 18 208460 18 209228 18 209996 18 210764 18 211532 18 212300 18 213068 9
0040cf4e9.jpg,343707 3 344475 9 345243 14 346010 21 346778 26 347546 32 348314 37 349082 43 349849 47 350617 47 351385 47 352153 46 352921 46 353688 47 354456 47 355224 47 355992 46 356760 46 357527 47 358295 47 359063 47 359831 46 360599 46 361366 47 362134 47 362902 47 363670 46 364438 46 365205 47 365973 47 366741 47 367509 46 368277 46 369044 47 369812 47 370580 47 371348 46 372116 46 372883 47 373651 47 374419 47 375187 47 375955 46 376723 46 377490 47 378258 47 379026 47 379794 46 380562 46 381329 47 382097 47 382865 47 383633 46 384401 46 385168 47 385936 47 386704 47 387472 46 388240 46 389007 47 389775 47 390543 47 391311 46 392079 46 392846 47 393614 47 394382 47 395150 46 395918 46 396685 47 397453 47 398221 47 398989 46 399757 46 400524 47 401292 47 402060 47 402828 46 403596 46 404363 47 405131 47 405899 47 406667 46 407435 46 408202 47 408970 47 409738 47 410506 46 411274 46 412041 47 412809 47 413577 47 414345 46 415113 46 415880 47 416648 47 417416 47 418184 46 418952 46 419719 47 420487 47 421255 47 422023 47 422791 46 423558 47 424326 47 425094 47 425862 47 426630 46 427397 47 428165 47 428933 47 429701 47 430469 46 431236 47 432004 47 432772 47 433540 47 434308 46 435075 47 435843 47 436611 47 437379 47 438147 46 438915 46 439682 47 440450 47 441218 47 441986 46 442754 46 443521 47 444289 47 445057 47 445825 46 446593 46 447360 47 448128 47 448896 47 449664 46 450432 46 451199 47 451967 47 452735 47 453503 46 454271 46 455038 47 455806 47 456574 47 457342 46 458110 46 458877 47 459645 47 460413 47 461181 46 461949 46 462716 47 463484 47 464252 47 465020 46 465788 46 466555 47 467323 47 468091 47 468859 47 469627 46 470394 47 471162 47 471930 47 472698 47 473466 46 474233 47 475001 47 475769 47 476537 47 477305 46 478072 47 478840 47 479608 47 480376 47 481144 46 481911 47 482679 47 483447 47 484215 47 484983 46 485750 47 486518 47 487286 47 488054 47 488822 46 489589 47 490357 47 491125 47 491893 47 492661 46 493428 47 494196 47 494964 47 495732 47 496500 46 497267 47 498035 47 498803 47 499571 47 500339 46 501107 46 501874 47 502642 47 503410 47 504178 46 504946 46 505713 47 506481 47 507249 47 508017 46 508785 46 509552 47 510320 47 511088 47 511856 46 512624 46 513391 47 514159 47 514927 47 515695 47 516463 46 517230 47 517998 47 518766 47 519534 47 520302 46 521069 47 521837 47 522605 47 523373 47 524141 46 524908 47 525676 47 526444 47 527212 47 527980 46 528747 47 529515 47 530283 47 531054 44 531827 38 532600 33 533373 28 534146 23 534918 19 535691 13 536464 8 537237 3
004141855.jpg,426282 1 427049 4 427817 6 428584 9 429352 10 430119 13 430887 15 431654 17 432422 19 433189 22 433956 25 434724 26 435491 26 436259 26 437026 26 437794 26 438561 26 439329 26 440096 26 440863 27 441631 26 442398 26 443166 26 443933 26 444701 26 445468 26 446236 26 447003 26 447770 27 448538 26 449305 26 450073 26 450840 26 451608 26 452375 26 453143 26 453910 26 454678 26 455445 26 456212 26 456980 26 457747 26 458515 26 459282 26 460050 26 460817 26 461585 25 462352 26 463119 26 463887 26 464654 26 465422 26 466189 26 466957 26 467724 26 468492 25 469259 26 470026 26 470794 26 471561 26 472329 26 473096 26 473864 26 474631 26 475399 25 476166 26 476933 26 477701 26 478468 26 479236 26 480003 26 480771 26 481538 26 482306 25 483073 26 483841 25 484609 25 485377 24 486145 24 486913 23 487681 23 488449 22 489217 21 489985 21 490753 20 491521 20 492289 19 493057 19 493825 18 494593 18 495361 17 496129 16 496897 16 497665 15 498433 15 499201 14 499969 14 500737 13 501505 12 502273 12 503041 11 503809 11 504577 10 505345 10 506113 9 506881 9 507649 8 508417 7 509185 7 509953 6 510721 6 511489 5 512257 5 513025 4 513794 3 514563 1
0041d7084.jpg,89229 12 89997 12 90765 12 91533 12 92301 12 93069 12 93837 12 94605 12
0041d7084.jpg,122113 11 122881 11 123649 11 124417 11 125185 11 125953 11 126721 11
0041d7084.jpg,15606 3 16374 8 17142 13 17910 16 18677 17 19445 17 20213 17 20981 16 21749 16 22517 16 23284 17 24052 17 24820 17 25591 13 26364 8 27137 3
0041d7084.jpg,163650 3 164414 7 165178 12 165944 14 166712 14 167480 14 168249 14 169017 14 169785 12 170553 9 171322 5 172090 2
0041d7084.jpg,166121 1 166888 3 167655 5 168422 7 169189 9 169956 11 170725 11 171494 11 172263 11 173032 9 173800 8 174569 7 175338 5 176107 3 176876 1
004331bef.jpg,243265 1 244031 4 244798 5 245565 7 246331 10 247098 11 247865 13 248631 16 249398 17 250165 19 250934 19 251702 19 252471 19 253240 18 254008 19 254777 19 255546 18 256314 19 257083 19 257852 18 258620 19 259389 19 260158 18 260927 18 261695 17 262464 14 263233 12 264001 10 264770 8 265539 5 266307 4 267076 1
004331bef.jpg,115864 1 116630 4 117396 6 118162 9 118928 11 119694 14 120461 15 121230 15 121998 15 122767 15 123535 15 124304 15 125073 14 125841 15 126610 14 127378 15 128147 15 128916 14 129684 15 130453 14 131221 15 131990 14 132758 15 133527 14 134296 14 135064 14 135833 14 136601 14 137370 14 138139 11 138907 9 139676 6 140444 4 141213 1
0046d5d83.jpg,17496 1 18263 3 19031 5 19798 7 20565 9 21334 10 22103 10 22873 9 23642 9 24411 10 25181 9 25950 9 26719 7 27488 6 28258 3 29027 1
00497c23d.jpg,263873 1 264639 4 265406 5 266172 8 266938 10 267705 12 268471 13 269238 12 270004 13 270771 12 271540 10 272309 8 273077 6 273846 4 274615 1
004bc7ae6.jpg,344242 2 345010 5 345777 9 346545 12 347315 12 348086 9 348858 5 349629 2
004bc7ae6.jpg,6084 15 6852 15 7620 15 8388 15 9156 15 9924 15
004d7c73a.jpg,445513 5 446276 10 447044 10 447812 10 448580 10 449348 11 450117 10 450885 10 451653 10 452421 10 453189 10 453957 10 454725 10 455493 10 456261 11 457030 10 457798 10 458566 10 459334 10 460102 10 460870 10 461638 10 462406 11 463175 10 463943 10 464711 10 465479 10 466247 5
004e68ede.jpg,513160 1 513926 4 514692 6 515459 8 516225 10 516991 13 517757 16 518524 17 519290 20 520056 23 520823 24 521589 27 522355 29 523122 31 523891 29 524659 27 525428 24 526196 22 526965 20 527733 18 528502 15 529270 13 530039 10 530807 9 531576 6 532344 4 533113 1
004e94ecb.jpg,33511 22 34279 22 35047 22 35815 22 36583 22 37351 22 38119 22 38887 22 39655 22 40423 22 41191 22 41959 22 42727 22 43495 22 44263 22 45031 22 45799 22 46567 22 47335 22 48103 22 48871 22 49639 22 50407 22 51175 22 51943 22 52711 22 53479 22 54247 22 55015 22 55783 22 56551 22 57319 22 58087 22 58855 22 59623 22 60391 22 61159 22 61927 22 62695 22 63463 22 64231 22 64999 22 65767 22 66535 22 67303 22 68071 22 68839 22 69607 22 70375 22 71143 22 71911 22 72679 22 73447 22 74215 22 74983 22 75751 22 76519 22 77287 22 78055 22 78823 22 79591 22 80359 22 81127 22 81895 22 82663 22 83431 22 84199 22 84967 22 85735 22 86503 22 87271 22 88039 22 88807 22 89575 22 90343 22 91111 22 91879 22 92647 22 93415 22
004f97cfb.jpg,394828 1 395595 4 396363 6 397130 8 397898 7 398665 8 399432 8 400200 7 400967 8 401735 7 402502 7 403269 8 404037 7 404804 7 405572 7 406339 7 407108 5 407878 3 408647 1
00552a73d.jpg,181296 1 182066 3 182834 7 183601 12 184369 16 185137 20 185905 24 186672 25 187440 25 188208 24 188975 25 189743 25 190511 25 191278 25 192046 25 192814 25 193582 25 194349 25 195117 25 195882 28 196650 28 197418 27 198185 28 198953 28 199721 28 200489 27 201256 28 202024 28 202792 28 203560 27 204327 28 205095 28 205863 28 206631 27 207398 28 208166 28 208934 28 209701 28 210469 28 211237 28 212005 28 212772 28 213540 28 214308 28 215076 28 215843 28 216611 28 217379 28 218147 28 218914 28 219682 28 220450 28 221218 28 221985 28 222753 28 223521 28 224289 28 225056 28 225824 28 226592 28 227360 28 228127 28 228895 28 229663 28 230431 28 231198 28 231966 28 232734 28 233502 28 234269 28 235037 28 235805 28 236572 29 237340 28 238108 28 238876 28 239643 29 240411 28 241179 28 241947 28 242714 29 243482 28 244250 28 245018 28 245785 29 246553 28 247321 28 248089 28 248856 30 249624 30 250392 30 251160 29 251927 30 252695 30 253463 30 254231 29 254998 30 255766 30 256534 30 257302 29 258069 30 258837 30 259605 29 260373 29 261140 30 261908 30 262676 29 263444 29 264211 30 264979 30 265747 29 266514 30 267282 30 268050 30 268818 29 269585 30 270353 30 271121 30 271889 29 272656 30 273424 30 274192 30 274960 29 275727 30 276495 30 277263 30 278031 29 278798 30 279566 30 280334 29 281102 29 281869 30 282637 30 283405 29 284173 29 284940 30 285708 30 286476 29 287244 29 288011 30 288779 30 289547 29 290315 29 291082 30 291850 30 292618 29 293385 30 294153 30 294921 30 295689 29 296456 30 297224 30 297992 30 298760 29 299527 30 300295 30 301063 30 301831 29 302598 30 303366 30 304134 29 304902 29 305669 30 306437 30 307205 29 307973 29 308740 30 309508 30 310276 29 311044 29 311811 30 312579 30 313347 29 314115 29 314882 30 315650 30 316418 29 317186 29 317953 30 318721 30 319489 29 320257 29 321025 29 321795 27 322567 22 323339 18 324111 14 324882 11 325654 6 326426 2
00552a73d.jpg,185929 3 186699 5 187467 9 188234 14 189002 16 189770 16 190538 15 191305 16 192073 16 192841 16 193609 15 194376 16 195144 16 195912 16 196680 15 197447 16 198215 16 198983 16 199751 15 200518 16 201286 16 202054 16 202822 15 203589 16 204357 16 205125 16 205893 15 206660 16 207428 16 208196 16 208964 15 209731 16 210499 16 211267 15 212034 16 212802 16 213570 16 214338 15 215105 16 215873 16 216641 16 217409 15 218176 16 218944 16 219712 16 220480 15 221247 16 222015 16 222783 16 223551 15 224318 16 225086 16 225854 16 226622 15 227389 16 228157 16 228925 16 229693 15 230460 16 231228 16 231996 15 232764 15 233531 16 234299 16 235067 15 235834 16 236602 16 237370 16 238138 15 238905 16 239673 16 240441 16 241209 15 241976 16 242744 16 243512 16 244280 15 245047 16 245815 16 246583 16 247351 15 248118 16 248887 15 249659 11 250431 6 251203 2
00552a73d.jpg,181293 2 182061 2 182828 2 183596 2 184364 2 185131 3 185899 2 186667 2 187434 3 188202 3 188969 3 189737 3 190505 3 191272 4 192040 3 192808 3 193575 4 194343 4
00552a73d.jpg,196643 2 197411 4 198178 7 198946 7 199714 6 200482 6 201249 6 202017 6 202785 6 203552 6 204320 6 205090 3 205860 1
0056d301c.jpg,267626 6 268394 6 269162 6 269930 6 270698 6 271466 6 272234 6 273002 6 273770 6 274538 6 275306 6 276074 6 276842 6 277610 6
0056d301c.jpg,375395 3 376163 8 376931 12 377698 16 378466 16 379234 16 380002 15 380769 16 381537 16 382305 16 383073 15 383841 15 384608 16 385376 16 386144 16 386912 15 387679 16 388447 16 389215 16 389986 12 390759 7 391531 3
0056d301c.jpg,465211 2 465979 5 466746 8 467514 11 468282 14 469049 18 469817 20 470584 24 471352 26 472120 26 472887 26 473655 26 474423 25 475190 26 475958 26 476725 26 477493 26 478261 26 479028 26 479796 26 480564 25 481331 26 482099 26 482866 26 483634 26 484402 25 485169 26 485937 26 486705 25 487472 26 488240 26 489007 26 489775 26 490543 25 491310 26 492078 26 492846 25 493613 26 494381 25 495148 26 495916 26 496684 25 497451 26 498219 26 498987 25 499754 26 500522 25 501289 26 502057 26 502825 25 503592 26 504360 26 505128 25 505895 26 506663 25 507430 26 508198 26 508966 25 509733 26 510501 25 511269 25 512036 26 512804 25 513571 26 514339 26 515107 25 515874 26 516642 25 517410 25 518177 26 518945 25 519712 26 520480 25 521250 23 522020 21 522790 18 523561 15 524331 13 525101 10 525872 7 526642 4 527412 2
0056fbc62.jpg,378671 7 379439 7 380207 7 380975 7 381743 7 382511 7 383279 7 384047 7 384815 7 385583 7 386351 7 387119 7 387887 7 388655 7 389423 7 390191 7 390959 7
00578738f.jpg,25178 11 25946 11 26714 11 27482 11 28250 11 29018 11 29786 11 30554 11 31322 11 32090 12 32859 11 33627 11 34395 11 35163 11 35931 11 36699 11 37467 11 38235 11 39003 5
005883911.jpg,10374 4 11142 11 11910 18 12678 25 13445 33 14213 37 14981 37 15749 37 16517 37 17285 36 18053 36 18820 37 19588 37 20356 37 21124 37 21892 37 22660 36 23427 37 24195 37 24963 37 25731 37 26499 37 27267 36 28035 36 28802 37 29570 37 30338 37 31106 37 31874 37 32642 36 33410 36 34177 37 34945 37 35713 37 36481 37 37249 37 38017 36 38785 36 39552 37 40320 37 41088 37 41856 37 42624 37 43392 36 44160 36 44927 37 45695 37 46463 37 47231 37 47999 37 48767 36 49534 37 50302 37 51070 37 51838 37 52606 37 53374 36 54142 36 54909 37 55677 37 56445 37 57213 37 57981 37 58749 36 59517 36 60284 37 61052 37 61820 37 62588 37 63356 37 64124 36 64892 36 65659 37 66427 37 67195 37 67963 37 68731 37 69499 36 70266 37 71034 37 71802 37 72570 37 73338 37 74106 36 74874 36 75641 37 76409 37 77177 37 77945 37 78713 37 79481 36 80249 36 81016 37 81784 37 82552 37 83320 37 84088 37 84856 36 85624 36 86391 37 87159 37 87927 37 88695 37 89463 37 90231 36 90999 36 91766 37 92534 37 93302 37 94070 37 94838 37 95606 36 96373 37 97141 37 97909 37 98677 37 99445 37 100213 36 100981 36 101748 37 102516 37 103284 37 104052 37 104820 37 105588 36 106356 36 107123 37 107891 37 108659 37 109427 37 110195 37 110963 36 111731 36 112498 37 113266 37 114034 37 114802 37 115570 37 116338 36 117105 37 117873 37 118641 37 119409 37 120177 37 120945 36 121713 36 122480 37 123248 37 124016 37 124784 37 125552 37 126320 36 127088 36 127855 37 128623 37 129391 37 130159 37 130927 37 131695 36 132463 36 133230 37 133998 37 134766 37 135534 37 136302 37 137070 36 137837 37 138605 37 139373 37 140141 37 140909 37 141677 36 142445 36 143212 37 143980 37 144748 37 145516 37 146284 37 147052 36 147820 36 148587 37 149355 37 150123 37 150891 37 151659 37 152427 36 153195 36 153962 37 154730 37 155498 37 156266 37 157034 37 157802 36 158570 36 159337 37 160105 37 160873 37 161641 37 162409 37 163177 36 163944 37 164712 37 165480 37 166248 37 167016 37 167784 36 168552 36 169319 37 170087 37 170855 37 171623 37 172395 33 173170 25 173945 18 174720 11 175495 4
005a7670a.jpg,302367 1 303134 4 303902 6 304669 9 305437 10 306204 13 306971 16 307739 18 308506 20 309274 22 310041 25 310809 27 311576 29 312343 32 313111 34 313878 37 314646 38 315413 38 316180 39 316948 38 317715 39 318483 38 319250 39 320018 38 320785 38 321552 39 322320 38 323087 39 323855 38 324622 38 325389 39 326157 38 326924 39 327692 38 328459 39 329226 39 329994 38 330761 39 331529 38 332296 39 333064 38 333831 39 334598 39 335366 38 336133 39 336901 38 337668 39 338435 39 339203 39 339970 39 340738 38 341505 39 342273 38 343040 39 343807 39 344575 38 345342 39 346110 38 346877 39 347644 39 348412 39 349179 39 349947 38 350714 39 351481 39 352249 39 353016 39 353784 39 354551 39 355319 38 356086 39 356853 39 357621 39 358388 39 359156 39 359923 39 360690 39 361458 39 362225 39 362993 39 363760 39 364528 38 365295 39 366062 39 366830 39 367597 39 368365 39 369132 39 369899 39 370667 39 371434 39 372202 39 372969 39 373736 40 374504 39 375271 39 376039 39 376806 39 377574 39 378341 39 379108 40 379876 39 380643 39 381411 39 382178 39 382945 40 383713 39 384480 39 385248 39 386015 39 386783 39 387550 39 388317 40 389085 39 389852 39 390620 39 391387 39 392154 40 392922 39 393689 40 394457 39 395224 39 395991 40 396759 39 397526 40 398294 39 399061 40 399829 39 400596 39 401363 40 402131 39 402898 40 403666 39 404433 39 405200 40 405968 39 406735 40 407503 39 408270 40 409038 39 409805 39 410572 40 411340 39 412107 40 412875 39 413642 40 414409 40 415177 39 415944 40 416712 39 417479 40 418246 40 419014 40 419781 40 420549 39 421316 40 422084 39 422851 40 423618 40 424386 39 425153 40 425921 39 426688 40 427455 40 428223 40 428990 40 429758 39 430525 40 431293 39 432060 40 432827 40 433595 40 434362 40 435130 39 435897 40 436666 38 437436 36 438206 33 438975 32 439745 29 440515 26 441285 24 442054 22 442824 20 443594 17 444363 15 445133 13 445903 10 446673 8 447442 6 448212 4 448982 1
005c8e121.jpg,295134 1 295900 4 296667 5 297434 7 298200 10 298967 12 299733 14 300500 16 301266 19 302033 21 302800 22 303566 25 304333 27 305099 30 305866 31 306632 34 307399 36 308166 38 308932 40 309699 42 310465 43 311232 42 311998 43 312765 43 313532 42 314298 43 315065 42 315831 43 316598 43 317364 43 318131 43 318898 42 319664 43 320431 43 321197 43 321964 43 322731 42 323497 43 324264 43 325030 43 325797 43 326563 43 327330 43 328097 43 328863 43 329630 43 330396 43 331163 43 331929 44 332696 43 333463 43 334229 43 334996 43 335762 43 336529 43 337295 44 338062 43 338829 43 339595 43 340362 43 341128 44 341895 43 342661 44 343428 43 344195 43 344961 44 345728 43 346497 41 347265 39 348034 37 348803 35 349571 33 350340 31 351109 28 351878 26 352646 25 353415 22 354184 20 354952 18 355721 16 356490 14 357258 12 358027 10 358796 7 359565 5 360333 4 361102 1
005d6a820.jpg,442304 2 443072 4 443839 7 444607 10 445374 13 446142 15 446909 19 447677 21 448445 23 449212 27 449980 29 450747 32 451515 34 452283 34 453050 34 453818 34 454585 34 455353 34 456120 34 456888 34 457656 34 458423 34 459191 34 459958 34 460726 34 461494 34 462261 34 463029 34 463796 34 464564 34 465331 34 466099 34 466867 34 467634 34 468402 34 469169 34 469937 34 470705 33 471472 34 472240 34 473007 34 473775 34 474542 34 475310 34 476078 33 476845 34 477613 34 478380 34 479148 34 479916 33 480683 34 481451 34 482218 34 482986 34 483753 34 484521 34 485289 33 486056 34 486824 34 487591 34 488359 34 489127 33 489894 34 490662 33 491429 34 492197 34 492964 34 493732 34 494500 33 495267 34 496035 34 496802 34 497570 34 498338 33 499105 34 499873 33 500640 34 501408 34 502175 34 502943 34 503711 33 504478 34 505246 33 506013 34 506781 34 507549 33 508316 34 509084 33 509851 34 510619 33 511386 34 512154 34 512922 33 513689 34 514457 33 515224 34 515992 34 516759 34 517527 34 518295 33 519062 34 519830 33 520597 34 521365 34 522133 33 522900 34 523668 33 524435 34 525203 33 525970 34 526738 34 527506 33 528273 34 529041 33 529808 34 530576 34 531344 33 532111 34 532879 33 533646 34 534414 33 535181 34 535949 34 536717 33 537484 34 538252 33 539019 34 539787 33 540555 33 541322 34 542090 33 542857 34 543625 33 544392 34 545160 34 545928 33 546695 34 547463 33 548230 34 548998 33 549766 33 550533 34 551301 33 552068 34 552836 33 553603 34 554371 34 555139 33 555906 34 556674 33 557441 34 558209 33 558977 33 559744 34 560512 33 561279 34 562047 33 562814 34 563582 34 564350 33 565117 34 565885 33 566652 34 567420 33 568188 33 568955 34 569723 33 570490 34 571258 33 572025 34 572793 34 573561 33 574328 34 575096 33 575863 34 576631 33 577399 33 578166 34 578934 33 579701 34 580469 33 581236 34 582004 34 582774 31 583544 29 584315 25 585085 23 585855 20 586626 17 587396 15 588167 11 588937 9 589707 6
005d6a820.jpg,346178 2 346946 4 347713 7 348481 9 349248 12 350016 14 350783 18 351551 20 352319 22 353086 25 353854 27 354621 30 355389 32 356156 35 356924 35 357691 35 358459 35 359227 34 359994 35 360762 34 361529 35 362297 35 363064 35 363832 35 364600 34 365367 35 366135 34 366902 35 367670 35 368437 35 369205 35 369973 34 370740 35 371508 34 372275 35 373043 35 373810 35 374578 35 375346 34 376113 35 376881 34 377648 35 378416 34 379183 35 379951 35 380718 35 381486 35 382254 34 383021 35 383789 34 384556 35 385324 35 386091 35 386859 35 387627 34 388394 35 389162 34 389929 35 390697 35 391464 35 392232 35 393000 34 393767 35 394535 34 395302 35 396070 35 396837 35 397605 35 398372 35 399140 35 399908 34 400675 35 401443 35 402210 35 402978 35 403745 35 404513 35 405281 34 406048 35 406816 35 407583 35 408351 35 409118 35 409886 35 410654 34 411421 35 412189 35 412956 35 413724 35 414491 35 415259 35 416027 34 416794 35 417562 34 418329 35 419097 35 419864 35 420632 35 421399 35 422167 35 422935 34 423702 35 424470 35 425237 35 426005 35 426772 35 427540 35 428308 34 429075 35 429843 35 430610 35 431378 35 432145 35 432913 35 433681 34 434448 35 435216 35 435983 35 436751 35 437518 35 438286 35 439053 35 439821 35 440589 35 441356 35 442124 35 442891 35 443659 35 444426 35 445194 35 445962 35 446729 35 447497 35 448264 35 449032 35 449799 35 450567 35 451335 35 452102 35 452870 35 453637 35 454405 35 455172 35 455940 35 456708 35 457475 35 458243 35 459010 35 459778 35 460545 35 461313 35 462080 35 462848 35 463616 35 464383 35 465151 35 465918 35 466686 35 467453 35 468221 35 468989 35 469756 35 470524 35 471291 35 472059 35 472826 35 473594 35 474362 35 475129 35 475897 35 476664 35 477432 35 478199 35 478967 35 479734 36 480502 35 481270 35 482037 35 482805 35 483572 35 484340 35 485107 36 485875 35 486643 35 487410 35 488178 35 488945 35 489713 35 490480 36 491248 35 492016 35 492783 35 493551 35 494318 35 495086 35 495853 36 496621 35 497389 35 498156 35 498924 35 499691 35 500459 35 501226 35 501994 35 502761 36 503529 35 504297 35 505064 35 505832 35 506599 35 507367 35 508134 36 508902 35 509672 33 510442 30 511213 27 511983 24 512753 22 513524 19 514294 16 515065 13 515835 10 516605 8 517376 4 518146 2
005d6a820.jpg,457394 2 458162 4 458929 8 459697 10 460464 13 461232 16 461999 19 462767 21 463535 21 464302 21 465070 21 465837 21 466605 21 467372 21 468140 21 468908 21 469675 21 470443 21 471210 21 471978 21 472745 21 473513 21 474281 21 475048 21 475816 21 476583 21 477351 21 478118 21 478886 21 479654 21 480421 21 481189 21 481956 21 482724 21 483491 21 484259 21 485027 20 485794 21 486562 21 487329 21 488097 21 488864 21 489632 21 490400 20 491167 21 491935 21 492702 21 493470 21 494237 21 495005 21 495773 20 496540 21 497308 21 498075 21 498843 21 499610 21 500378 21 501146 20 501913 21 502681 21 503448 21 504216 21 504983 21 505751 21 506519 20 507286 21 508054 21 508821 21 509589 21 510356 21 511124 21 511892 20 512659 21 513427 21 514194 21 514962 21 515729 21 516497 21 517265 20 518032 21 518800 21 519567 21 520335 21 521103 20 521870 21 522638 20 523405 21 524173 21 524940 21 525708 21 526476 20 527243 21 528011 20 528778 21 529546 20 530313 21 531081 21 531849 20 532616 21 533384 20 534151 21 534919 20 535686 21 536454 21 537222 20 537989 21 538757 20 539524 21 540292 20 541059 21 541827 21 542595 20 543362 21 544130 20 544897 21 545665 20 546432 21 547200 21 547968 20 548735 21 549503 20 550270 21 551038 20 551805 21 552573 21 553341 20 554108 21 554876 20 555643 21 556411 20 557178 21 557946 21 558714 20 559481 21 560249 20 561016 21 561784 20 562551 21 563319 21 564087 20 564854 21 565622 20 566389 21 567157 20 567924 21 568692 20 569460 20 570227 21 570995 20 571762 21 572530 20 573297 21 574065 20 574833 20 575600 21 576368 20 577135 21 577903 20 578670 21 579438 20 580208 18 580978 16 581748 13 582518 11 583288 8 584058 6 584828 3 585598 1
005d6a820.jpg,227 33 994 35 1761 37 2528 40 3295 42 4062 44 4829 46 5598 46 6367 47 7136 47 7906 46 8675 46 9444 46 10213 47 10982 47 11751 47 12521 46 13290 46 14059 46 14828 47 15597 47 16367 46 17136 46 17905 46 18674 47 19443 47 20212 47 20982 46 21751 46 22520 47 23289 47 24058 47 24827 47 25597 46 26366 47 27135 47 27904 47 28673 47 29442 47 30212 46 30981 47 31750 47 32519 47 33288 47 34058 46 34827 47 35596 47 36365 47 37134 47 37903 47 38673 47 39442 47 40211 47 40980 47 41749 47 42518 47 43288 47 44057 47 44826 47 45595 47 46364 47 47134 47 47903 47 48672 47 49441 47 50210 47 50979 48 51749 47 52518 47 53287 47 54056 45 54825 43 55594 42 56364 39 57133 37 57902 35 58671 33 59440 31 60209 30 60979 27 61748 25 62517 23 63286 21 64055 19 64825 17 65594 15 66363 13 67132 11 67901 9 68670 7 69440 5 70209 3 70978 1
005f02549.jpg,419232 1 419998 4 420764 6 421531 8 422297 11 423064 12 423833 12 424601 13 425370 12 426139 12 426907 13 427676 12 428445 12 429213 11 429982 8 430751 5 431519 4 432288 1
005faf88a.jpg,83574 1 84340 4 85106 6 85872 9 86639 11 87405 14 88171 16 88938 18 89704 19 90470 19 91236 20 92003 19 92772 16 93540 15 94309 12 95077 11 95846 8 96615 5 97383 4 98152 1
0060f6de0.jpg,337682 5 338450 15 339218 25 339986 30 340754 30 341522 30 342289 31 343057 31 343825 31 344593 30 345361 30 346129 30 346897 30 347665 30 348433 30 349201 30 349969 30 350736 31 351504 31 352272 31 353040 30 353808 30 354576 30 355344 30 356112 30 356880 30 357648 30 358416 30 359183 31 359951 31 360719 31 361487 30 362255 30 363023 30 363791 30 364559 30 365327 30 366095 30 366863 30 367631 30 368398 31 369166 31 369934 31 370702 30 371470 30 372238 30 373006 30 373774 30 374542 30 375310 30 376078 30 376845 31 377613 31 378381 31 379149 30 379917 30 380685 30 381453 30 382221 30 382989 30 383757 30 384525 30 385292 31 386060 31 386828 31 387596 30 388364 30 389132 30 389900 30 390668 30 391436 30 392204 30 392972 30 393739 31 394507 31 395275 31 396043 30 396811 30 397579 30 398347 30 399115 30 399883 30 400651 30 401419 30 402186 31 402954 31 403722 31 404490 30 405258 30 406026 30 406794 30 407562 30 408330 30 409098 30 409866 30 410633 31 411401 31 412169 31 412937 30 413705 30 414473 30 415241 30 416009 30 416777 30 417545 30 418313 30 419080 31 419848 31 420616 31 421384 30 422152 30 422920 30 423688 30 424456 30 425224 30 425992 30 426760 30 427528 30 428295 31 429063 31 429831 31 430599 30 431367 30 432135 30 432903 30 433671 30 434439 30 435207 30 435975 30 436742 31 437510 31 438278 31 439046 30 439814 30 440582 30 441350 30 442118 30 442886 30 443654 30 444422 30 445189 31 445957 31 446725 31 447493 30 448261 30 449029 30 449797 30 450565 30 451333 30 452101 30 452869 30 453636 31 454404 31 455172 31 455940 30 456708 30 457476 30 458249 25 459027 15 459805 5
00610229c.jpg,327390 7 328158 7 328926 7 329694 7 330462 7 331230 7 331998 7 332766 7 333534 7 334302 7 335070 7 335838 7
0062ad143.jpg,267882 6 268650 6 269418 6 270186 6 270954 6 271722 6 272490 6 273258 6 274026 6 274794 6 275562 6 276330 6 277098 6 277866 6
0062e4cf1.jpg,107613 2 108379 4 109145 7 109913 7 110682 6 111450 7 112219 6 112987 7 113756 6 114524 6 115293 6 116061 6 116830 3 117598 1
00640a1af.jpg,337819 5 338579 13 339343 17 340111 17 340879 17 341647 17 342415 18 343183 18 343952 17 344720 17 345488 17 346256 17 347024 17 347792 17 348560 17 349328 17 350096 17 350864 18 351632 18 352401 17 353169 17 353937 17 354705 17 355473 17 356241 17 357009 17 357777 17 358545 17 359313 18 360082 17 360850 17 361618 17 362386 17 363154 17 363922 17 364690 17 365458 17 366226 17 366994 18 367762 18 368531 17 369299 17 370067 17 370835 17 371603 17 372371 17 373139 17 373907 17 374675 17 375443 18 376211 18 376980 17 377748 17 378516 17 379284 17 380052 17 380820 17 381588 17 382356 17 383124 17 383892 18 384661 17 385429 17 386197 17 386965 17 387733 17 388501 8
00640a1af.jpg,53998 1 54764 4 55530 6 56296 9 57062 11 57828 14 58594 16 59360 19 60127 20 60893 23 61659 26 62425 28 63191 31 63957 33 64723 36 65490 37 66256 40 67022 42 67788 45 68554 46 69320 46 70086 46 70852 46 71619 45 72385 45 73151 45 73917 45 74683 46 75449 46 76215 46 76982 45 77748 45 78514 45 79280 45 80046 46 80812 46 81578 46 82344 46 83111 45 83877 45 84643 45 85409 45 86175 46 86941 46 87707 46 88474 45 89240 45 90006 45 90772 45 91538 46 92304 46 93070 46 93836 46 94603 45 95369 45 96135 45 96901 45 97667 46 98433 46 99199 46 99966 45 100735 42 101503 40 102272 37 103040 36 103809 33 104577 31 105346 28 106114 26 106883 23 107652 20 108420 18 109189 16 109957 14 110726 11 111494 9 112263 6 113031 4 113800 1
00640a1af.jpg,546321 1 547088 3 547855 5 548621 8 549388 10 550155 12 550922 14 551689 15 552458 15 553227 15 553996 15 554765 15 555534 15 556303 15 557071 14 557840 12 558609 10 559378 7 560147 5 560916 3 561685 1
0064956d4.jpg,316392 5 317160 5 317928 5 318696 5 319464 5 320232 5 321000 5 321768 5 322536 5 323304 5 324073 4 324841 4 325609 4 326377 4 327145 4 327913 4 328681 4 329449 4 330217 2
0067a8e04.jpg,147382 1 148148 4 148915 5 149682 7 150448 9 151215 11 151984 11 152752 11 153521 11 154289 11 155058 11 155827 11 156595 11 157364 11 158132 11 158901 11 159670 11 160438 11 161207 11 161975 11 162744 11 163513 9 164281 7 165050 5 165818 4 166587 1
0067a8e04.jpg,40889 1 41655 4 42421 6 43187 9 43954 11 44723 10 45491 11 46260 10 47029 10 47797 11 48566 10 49334 11 50103 9 50872 6 51640 4 52409 1
0067a8e04.jpg,19192 1 19958 4 20724 6 21491 8 22257 10 23024 12 23793 11 24561 12 25330 11 26099 11 26867 11 27636 11 28404 11 29173 11 29942 10 30710 11 31479 9 32248 6 33016 4 33785 1
0068b3804.jpg,222969 3 223737 10 224505 11 225273 11 226040 12 226808 11 227576 11 228344 11 229112 11 229880 11 230648 11 231416 11 232184 11 232952 11 233719 12 234487 11 235255 11 236023 11 236791 11 237565 5
0068b3804.jpg,235349 5 236108 14 236871 19 237639 19 238407 19 239175 20 239943 20 240712 19 241480 19 242248 19 243016 19 243784 19 244552 19 245320 19 246088 19 246856 20 247624 20 248393 19 249161 19 249929 19 250697 19 251465 19 252233 19 253001 19 253769 19 254537 20 255305 20 256074 19 256842 19 257610 19 258378 19 259146 19 259914 19 260682 19 261450 20 262218 20 262987 19 263755 19 264523 19 265291 19 266059 19 266827 19 267595 19 268363 19 269131 20 269899 20 270668 19 271436 19 272204 19 272972 19 273740 19 274508 19 275276 19 276044 19 276812 20 277580 20 278349 19 279117 19 279885 19 280653 19 281421 19 282189 19 282957 19 283725 20 284493 20 285262 19 286030 19 286798 19 287566 19 288334 19 289102 19 289870 19 290638 19 291406 20 292174 20 292943 19 293711 19 294479 19 295247 19 296015 19 296783 19 297551 19 298319 19 299087 20 299855 20 300624 19 301392 19 302160 19 302928 14 303696 5
0068b3804.jpg,187647 4 188415 11 189183 15 189951 15 190718 16 191486 16 192254 15 193022 15 193790 15 194558 15 195325 16 196093 16 196861 15 197629 15 198397 15 199165 15 199933 15 200700 16 201468 16 202236 15 203004 15 203772 15 204540 15 205307 16 206075 16 206843 15 207611 15 208379 15 209147 15 209914 16 210682 16 211450 15 212218 15 212986 15 213754 15 214522 15 215289 16 216057 16 216825 15 217593 15 218361 15 219129 15 219896 16 220664 16 221432 15 222200 1 222207 8 222980 3 223748 3
006da0c7b.jpg,347784 1 348551 3 349319 5 350086 7 350853 9 351622 10 352391 10 353161 9 353930 10 354699 10 355469 9 356238 7 357007 6 357777 3 358546 1
